timestamp,blocknumber,date
1709726400,32793116,06/03/2024
1709812800,32809768,07/03/2024
1709899200,32826351,08/03/2024
1709985600,32842844,09/03/2024
1710072000,32859536,10/03/2024
1710158400,32876192,11/03/2024
1710244800,32892596,12/03/2024
1710331200,32909208,13/03/2024
1710417600,32925661,14/03/2024
1710504000,32942241,15/03/2024
1710590400,32958898,16/03/2024
1710676800,32975465,17/03/2024
1710763200,32992014,18/03/2024
1710849600,33008525,19/03/2024
1710936000,33024995,20/03/2024
1711022400,33041435,21/03/2024
1711108800,33057967,22/03/2024
1711195200,33074450,23/03/2024
1711281600,33090916,24/03/2024
1711368000,33107436,25/03/2024
1711454400,33124001,26/03/2024
1711540800,33140511,27/03/2024
1711627200,33156926,28/03/2024
1711713600,33173457,29/03/2024
1711800000,33189993,30/03/2024
1711886400,33206518,31/03/2024
1711972800,33223037,01/04/2024
1712059200,33239485,02/04/2024
1712145600,33256024,03/04/2024
1712232000,33272548,04/04/2024
1712318400,33288953,05/04/2024
1712404800,33305432,06/04/2024
1712491200,33321943,07/04/2024
1712577600,33338552,08/04/2024
1712664000,33355092,09/04/2024
1712750400,33371708,10/04/2024
1712836800,33388474,11/04/2024
1712923200,33405321,12/04/2024
1713009600,33422106,13/04/2024
1713096000,33438850,14/04/2024
1713182400,33455528,15/04/2024
1713268800,33472240,16/04/2024
1713355200,33488995,17/04/2024
1713441600,33505704,18/04/2024
1713528000,33522445,19/04/2024
1713614400,33538950,20/04/2024
1713700800,33555417,21/04/2024
1713787200,33572118,22/04/2024
1713873600,33588764,23/04/2024
1713960000,33605448,24/04/2024
1714046400,33622184,25/04/2024
1714132800,33638902,26/04/2024
1714219200,33655616,27/04/2024
1714305600,33672369,28/04/2024
1714392000,33689079,29/04/2024
1714478400,33705743,30/04/2024
1714564800,33722409,01/05/2024
1714651200,33739012,02/05/2024
1714737600,33755539,03/05/2024
1714824000,33772349,04/05/2024
1714910400,33789219,05/05/2024
1714996800,33806010,06/05/2024
1715083200,33822853,07/05/2024
1715169600,33839649,08/05/2024
1715256000,33856389,09/05/2024
1715342400,33873204,10/05/2024
1715428800,33889970,11/05/2024
1715515200,33906649,12/05/2024
1715601600,33923386,13/05/2024
1715688000,33940130,14/05/2024
1715774400,33956942,15/05/2024
1715860800,33973766,16/05/2024
1715947200,33990547,17/05/2024
1716033600,34007343,18/05/2024
1716120000,34024151,19/05/2024
1716206400,34041017,20/05/2024
1716292800,34057782,21/05/2024
1716379200,34074584,22/05/2024
1716465600,34091407,23/05/2024
1716552000,34108225,24/05/2024
1716638400,34124965,25/05/2024
1716724800,34141673,26/05/2024
1716811200,34158374,27/05/2024
1716897600,34175059,28/05/2024
1716984000,34191776,29/05/2024
1717070400,34208534,30/05/2024
1717156800,34225204,31/05/2024
1717243200,34242007,01/06/2024
1717329600,34258817,02/06/2024
1717416000,34275672,03/06/2024
1717502400,34292478,04/06/2024
1717588800,34309194,05/06/2024
1717675200,34325891,06/06/2024
1717761600,34342537,07/06/2024
1717848000,34359145,08/06/2024
1717934400,34375764,09/06/2024
1718020800,34392497,10/06/2024
1718107200,34409224,11/06/2024
1718193600,34426011,12/06/2024
1718280000,34442799,13/06/2024
1718366400,34459627,14/06/2024
1718452800,34476418,15/06/2024
1718539200,34493161,16/06/2024
1718625600,34509833,17/06/2024
1718712000,34526614,18/06/2024
1718798400,34543403,19/06/2024
1718884800,34560208,20/06/2024
1718971200,34576971,21/06/2024
1719057600,34593666,22/06/2024
1719144000,34610382,23/06/2024
1719230400,34627172,24/06/2024
1719316800,34643902,25/06/2024
1719403200,34660543,26/06/2024
1719489600,34677264,27/06/2024
1719576000,34693875,28/06/2024
1719662400,34710542,29/06/2024
1719748800,34727226,30/06/2024
1719835200,34743980,01/07/2024
1719921600,34760652,02/07/2024
1720008000,34777266,03/07/2024
1720094400,34793950,04/07/2024
1720180800,34810671,05/07/2024
1720267200,34827294,06/07/2024
1720353600,34844016,07/07/2024
1720440000,34860785,08/07/2024
1720526400,34877576,09/07/2024
1720612800,34894337,10/07/2024
1720699200,34911080,11/07/2024
1720785600,34927901,12/07/2024
1720872000,34944703,13/07/2024
1720958400,34961487,14/07/2024
1721044800,34978250,15/07/2024
1721131200,34994978,16/07/2024
1721217600,35011632,17/07/2024
1721304000,35028172,18/07/2024
1721390400,35044830,19/07/2024
1721476800,35061470,20/07/2024
1721563200,35078090,21/07/2024
1721649600,35094786,22/07/2024
1721736000,35111525,23/07/2024
1721822400,35128253,24/07/2024
1721908800,35145011,25/07/2024
1721995200,35161763,26/07/2024
1722081600,35178514,27/07/2024
1722168000,35195198,28/07/2024
1722254400,35211785,29/07/2024
1722340800,35228548,30/07/2024
1722427200,35245282,31/07/2024
1722513600,35262069,01/08/2024
1722600000,35278824,02/08/2024
1722686400,35295538,03/08/2024
1722772800,35312276,04/08/2024
1722859200,35328968,05/08/2024
1722945600,35345626,06/08/2024
1723032000,35362217,07/08/2024
1723118400,35378865,08/08/2024
1723204800,35395561,09/08/2024
1723291200,35412232,10/08/2024
1723377600,35428904,11/08/2024
1723464000,35445568,12/08/2024
1723550400,35462270,13/08/2024
1723636800,35478919,14/08/2024
1723723200,35495095,15/08/2024
1723809600,35511381,16/08/2024
1723896000,35527814,17/08/2024
1723982400,35544253,18/08/2024
1724068800,35560828,19/08/2024
1724155200,35577342,20/08/2024
1724241600,35593972,21/08/2024
1724328000,35610556,22/08/2024
1724414400,35627149,23/08/2024
1724500800,35643939,24/08/2024
1724587200,35660681,25/08/2024
1724673600,35677440,26/08/2024
1724760000,35694226,27/08/2024
1724846400,35710996,28/08/2024
1724932800,35727768,29/08/2024
1725019200,35744219,30/08/2024
1725105600,35760925,31/08/2024
1725192000,35777622,01/09/2024
1725278400,35794417,02/09/2024
1725364800,35811200,03/09/2024
1725451200,35828014,04/09/2024
1725537600,35844761,05/09/2024
1725624000,35861508,06/09/2024
1725710400,35878365,07/09/2024
1725796800,35895226,08/09/2024
1725883200,35912102,09/09/2024
1725969600,35928978,10/09/2024
1726056000,35945803,11/09/2024
1726142400,35962648,12/09/2024
1726228800,35979512,13/09/2024
1726315200,35996373,14/09/2024
1726401600,36013199,15/09/2024
1726488000,36030071,16/09/2024
1726574400,36046930,17/09/2024
1726660800,36063741,18/09/2024
1726747200,36080531,19/09/2024
1726833600,36097354,20/09/2024
1726920000,36114171,21/09/2024
1727006400,36131044,22/09/2024
1727092800,36147909,23/09/2024
1727179200,36164724,24/09/2024
1727265600,36181578,25/09/2024
1727352000,36198364,26/09/2024
1727438400,36215003,27/09/2024
1727524800,36231765,28/09/2024
1727611200,36248566,29/09/2024
1727697600,36265366,30/09/2024
1727784000,36282205,01/10/2024
1727870400,36299008,02/10/2024
1727956800,36315860,03/10/2024
1728043200,36332689,04/10/2024
1728129600,36349455,05/10/2024
1728216000,36366198,06/10/2024
1728302400,36383000,07/10/2024
1728388800,36399778,08/10/2024
1728475200,36416571,09/10/2024
1728561600,36433274,10/10/2024
1728648000,36450082,11/10/2024
1728734400,36466948,12/10/2024
1728820800,36483794,13/10/2024
1728907200,36500630,14/10/2024
1728993600,36517293,15/10/2024
1729080000,36533711,16/10/2024
1729166400,36550282,17/10/2024
1729252800,36566898,18/10/2024
1729339200,36583610,19/10/2024
1729425600,36600404,20/10/2024
1729512000,36617270,21/10/2024
1729598400,36634098,22/10/2024
1729684800,36650904,23/10/2024
1729771200,36667267,24/10/2024
1729857600,36684040,25/10/2024
1729944000,36700614,26/10/2024
1730030400,36717297,27/10/2024
1730116800,36734050,28/10/2024
1730203200,36750701,29/10/2024
1730289600,36767405,30/10/2024
1730376000,36784100,31/10/2024
1730462400,36800816,01/11/2024
1730548800,36817591,02/11/2024
1730635200,36834396,03/11/2024
1730721600,36851189,04/11/2024
1730808000,36867884,05/11/2024
1730894400,36884579,06/11/2024
1730980800,36901252,07/11/2024
1731067200,36917989,08/11/2024
1731153600,36934596,09/11/2024
1731240000,36951256,10/11/2024
1731326400,36967887,11/11/2024
1731412800,36984541,12/11/2024
1731499200,37001274,13/11/2024
1731585600,37018025,14/11/2024
1731672000,37034884,15/11/2024
1731758400,37051701,16/11/2024
1731844800,37068505,17/11/2024
1731931200,37085280,18/11/2024
1732017600,37102055,19/11/2024
1732104000,37118848,20/11/2024
1732190400,37135506,21/11/2024
1732276800,37152231,22/11/2024
1732363200,37168947,23/11/2024
1732449600,37185669,24/11/2024
1732536000,37202368,25/11/2024
1732622400,37219007,26/11/2024
1732708800,37235718,27/11/2024
1732795200,37252351,28/11/2024
1732881600,37269057,29/11/2024
1732968000,37285791,30/11/2024
1733054400,37302520,01/12/2024
1733140800,37319259,02/12/2024
1733227200,37336123,03/12/2024
1733313600,37353005,04/12/2024
1733400000,37369872,05/12/2024
1733486400,37386741,06/12/2024
1733572800,37403637,07/12/2024
1733659200,37420538,08/12/2024
1733745600,37437400,09/12/2024
1733832000,37454152,10/12/2024
1733918400,37470966,11/12/2024
1734004800,37487809,12/12/2024
1734091200,37504672,13/12/2024
1734177600,37521540,14/12/2024
1734264000,37538298,15/12/2024
1734350400,37555007,16/12/2024
1734436800,37571811,17/12/2024
1734523200,37588571,18/12/2024
1734609600,37605286,19/12/2024
1734696000,37621968,20/12/2024
1734782400,37638620,21/12/2024
1734868800,37655233,22/12/2024
1734955200,37671767,23/12/2024
1735041600,37688333,24/12/2024
1735128000,37704880,25/12/2024
1735214400,37721435,26/12/2024
1735300800,37738027,27/12/2024
1735387200,37754605,28/12/2024
1735473600,37771176,29/12/2024
1735560000,37787773,30/12/2024
1735646400,37804348,31/12/2024
1735732800,37820902,01/01/2025
1735819200,37837427,02/01/2025
1735905600,37854038,03/01/2025
1735992000,37870665,04/01/2025
1736078400,37887158,05/01/2025
1736164800,37903750,06/01/2025
1736251200,37920394,07/01/2025
1736337600,37936942,08/01/2025
1736424000,37953575,09/01/2025
1736510400,37970235,10/01/2025
1736596800,37986902,11/01/2025
1736683200,38003521,12/01/2025
1736769600,38020176,13/01/2025
1736856000,38036829,14/01/2025
1736942400,38053525,15/01/2025
1737028800,38070124,16/01/2025
1737115200,38086625,17/01/2025
1737201600,38103265,18/01/2025
1737288000,38119873,19/01/2025
1737374400,38136427,20/01/2025
1737460800,38153227,21/01/2025
1737547200,38170040,22/01/2025
1737633600,38186917,23/01/2025
1737720000,38203677,24/01/2025
1737806400,38220465,25/01/2025
1737892800,38237306,26/01/2025
1737979200,38254167,27/01/2025
1738065600,38271127,28/01/2025
1738152000,38288024,29/01/2025
1738238400,38304950,30/01/2025
1738324800,38321877,31/01/2025
1738411200,38338779,01/02/2025
1738497600,38355773,02/02/2025
1738584000,38372671,03/02/2025
1738670400,38389554,04/02/2025
1738756800,38406491,05/02/2025
1738843200,38423335,06/02/2025
1738929600,38440237,07/02/2025
1739016000,38457188,08/02/2025
1739102400,38474120,09/02/2025
1739188800,38490926,10/02/2025
1739275200,38507696,11/02/2025
1739361600,38524438,12/02/2025
1739448000,38541116,13/02/2025
1739534400,38557846,14/02/2025
1739620800,38574559,15/02/2025
1739707200,38591338,16/02/2025
1739793600,38608103,17/02/2025
1739880000,38624877,18/02/2025
1739966400,38641582,19/02/2025
1740052800,38658302,20/02/2025
1740139200,38675008,21/02/2025
1740225600,38691751,22/02/2025
1740312000,38708504,23/02/2025
1740398400,38725266,24/02/2025
1740484800,38742248,25/02/2025
1740571200,38759140,26/02/2025
1740657600,38776112,27/02/2025
1740744000,38792900,28/02/2025
1740830400,38809859,01/03/2025
1740916800,38826793,02/03/2025
1741003200,38843727,03/03/2025
1741089600,38860695,04/03/2025
1741176000,38877620,05/03/2025
1741262400,38894522,06/03/2025
1741348800,38911501,07/03/2025
1741435200,38928348,08/03/2025
1741521600,38945213,09/03/2025
1741608000,38962111,10/03/2025
1741694400,38978994,11/03/2025
1741780800,38995975,12/03/2025
1741867200,39012939,13/03/2025
1741953600,39029919,14/03/2025
1742040000,39046928,15/03/2025
1742126400,39063922,16/03/2025
1742212800,39080893,17/03/2025
1742299200,39097819,18/03/2025
1742385600,39114760,19/03/2025
1742472000,39131699,20/03/2025
1742558400,39148698,21/03/2025
1742644800,39165695,22/03/2025
1742731200,39182711,23/03/2025
1742817600,39199621,24/03/2025
1742904000,39216535,25/03/2025
1742990400,39233462,26/03/2025
1743076800,39250356,27/03/2025
1743163200,39267232,28/03/2025
1743249600,39284110,29/03/2025
1743336000,39300921,30/03/2025
1743422400,39317770,31/03/2025
1743508800,39334581,01/04/2025
1743595200,39351499,02/04/2025
1743681600,39368421,03/04/2025
1743768000,39385331,04/04/2025
1743854400,39402251,05/04/2025
1743940800,39419156,06/04/2025
1744027200,39436085,07/04/2025
1744113600,39453047,08/04/2025
1744200000,39470006,09/04/2025
1744286400,39486952,10/04/2025
